dmrg_duration,mmax,Nsites,interaction,basis,E_angle,E_strength,g,istate,energy,SvN,renyi,mux,muy,xcorr,ycorr,corr
0.1382618,4,6,nearest,all,1.5707963267948966,0.0,0.1,1,-0.03130288060427944,0.022976964900199036,0.0031730178369153905,1.28476846781452e-17,-9.527850074694396e-34,0.25177170123539666,-0.1235827865430936,0.025637782938460613
13.3308685,4,6,nearest,all,1.5707963267948966,0.0,0.1,2,0.7907982897707271,0.6997969583318067,0.34732325393324565,3.8267246262473686e-8,-4.010347170154058e-17,1.147301159004547,-0.08604407981140208,0.21225141583862897
13.486527,4,6,nearest,all,1.5707963267948966,0.0,0.1,3,0.8529433175796868,0.7114915809705379,0.349002416514501,1.6484705290169472e-11,1.325007245525801e-24,0.7974603366317866,-0.09241025345547822,0.14101001663526166
13.7895312,4,6,nearest,all,1.5707963267948966,0.0,0.1,4,0.8860640845915491,0.7044878046283221,0.3480175353558963,-7.296462964047182e-15,-1.4614733636493032e-25,0.17743732990147942,-1.0205804598261092,-0.16862862598492595
15.193079,4,6,nearest,all,1.5707963267948966,0.0,0.1,5,0.914377452093657,0.7135272213012839,0.34934752245123757,-4.464503002786403e-7,-3.1656553127310654e-23,0.1890304761392868,-0.7103183607032892,-0.10425757691280049
14.9566203,4,6,nearest,all,1.5707963267948966,0.0,0.1,6,0.9497237198049534,0.7082293508351325,0.34851112264330497,-0.00019002338917114054,-5.187655165997568e-21,0.2431070583248402,-0.22930277084666517,0.002760857495635005
