dmrg_duration,bondsize,memory,mmax,Nsites,interaction,basis,E_angle,E_strength,g,istate,energy,SvN,renyi,mux,muy,xcorr,ycorr,corr
0.111696735,6,61499744,4,6,nearest,all,1.5707963267948966,0.0,0.1,1,-0.031302880604275884,0.02297696490019903,0.0031730178369153905,-4.3062278689850527e-14,-1.9870567229422363e-30,0.25177170123539655,-0.12358278654309361,0.025637782938460585
15.862685598,12,14563376094,4,6,nearest,all,1.5707963267948966,0.0,0.1,2,0.7907982897707235,0.6997969583318068,0.3473232539332456,-3.739014453484905e-8,1.0824040657134002e-17,1.1473011590045505,-0.08604407981140351,0.21225141583862941
