mmax,Nsites,interaction,basis,E_angle,E_strength,g,energy,vN,renyi,mux,muy,xcorr,ycorr,corr
5,10,nearest,all,1.5707963267948966,0.0,1.0e12,-1.6827857124302043e13,0.723660320989285,0.35136585435431517,0.0049361813478634,-3.569695221029364e-17,8.378021898837932,-0.07181330529013542,0.9229120659497553
